parameter,value
mean,14.725520097895448
std,8.885977280224218
attack_scale,0.29451040195790895
